{
  "hash": "f972ae035887ad3a3eb200f2397f3ee0",
  "result": {
    "engine": "jupyter",
    "markdown": "---\ntitle: \"\"\nformat:\n  html:\n    theme: cosmo\n    toc: false\n    code-fold: false\n    highlight-style: github\n    html-math-method: katex\nexecute:\n  eval: false\n  enabled: true\n  echo: true      # 添加这行以确保显示代码\n  output: true    # 添加这行以显示输出（如果有的话）\n  warning: false  # 隐藏警告\n  error: false    # 隐藏错误\njupyter: python3\n---\n\n\n\n\n# Group C, Zhang Yi homework1\n\n\n\n{{< embed \"homework/Group C, Zhang Yi homework1.ipynb\" echo=true >}}\n\n\n\n\n\n\n# Group C, Zhang Yi  homework2\n\n\n\n{{< embed \"homework/Group C, Zhang Yi  homework2.ipynb\" echo=true >}}\n\n\n\n\n\n\n# Group C, Zhang Yi  homework 3 ( lecture 3)\n\n\n\n{{< embed \"homework/Group C, Zhang Yi  homework 3 ( lecture 3).ipynb\" echo=true >}}\n\n\n\n\n\n\n# zhangyi homework4-Lecture 4(1)\n\n\n\n{{< embed \"homework/zhangyi homework4-Lecture 4(1).ipynb\" echo=true >}}\n\n\n\n\n\n\n# workflow-basics(1)\n\n\n\n{{< embed \"homework/workflow-basics(1).ipynb\" echo=true >}}\n\n\n\n\n\n\n# Zhangyi(1)\n\n\n\n{{< embed \"homework/Zhang yi-homework/Zhangyi(1).ipynb\" echo=true >}}\n\n\n\n\n\n\n# Zhangyi(2)\n\n\n\n{{< embed \"homework/Zhang yi-homework/Zhangyi(2).ipynb\" echo=true >}}\n\n\n\n\n\n\n# Zhangyi(3)\n\n\n\n{{< embed \"homework/Zhang yi-homework/Zhangyi(3).ipynb\" echo=true >}}\n\n\n\n\n\n\n# Zhangyi(4)\n\n\n\n{{< embed \"homework/Zhang yi-homework/Zhangyi(4).ipynb\" echo=true >}}\n\n",
    "supporting": [
      "homework_files"
    ],
    "filters": [],
    "includes": {}
  }
}