{
  "hash": "aae96fd0c9c1f9c41c5416f9915f9f46",
  "result": {
    "engine": "jupyter",
    "markdown": "---\ntitle: \"\"\nformat:\n  html:\n    theme: cosmo\n    toc: false\n    code-fold: false\n    highlight-style: github\n    html-math-method: katex\nexecute:\n  eval: false\n  enabled: true\n  echo: true\n  output: true\n  warning: false\n  error: false\njupyter: python3\n---\n\n\n\n\n\n# practice1\n\n\n\n{{< embed \"practice/practice1.ipynb\" echo=true >}}\n\n\n\n\n\n\n# practice2\n\n\n\n{{< embed \"practice/practice2.ipynb\" echo=true >}}\n\n\n\n\n\n\n# pratice3_1\n\n\n\n{{< embed \"practice/pratice3_1.ipynb\" echo=true >}}\n\n\n\n\n\n\n# pratice3_2\n\n\n\n{{< embed \"practice/pratice3_2.ipynb\" echo=true >}}\n\n\n\n\n\n\n# pratice3_3\n\n\n\n{{< embed \"practice/pratice3_3.ipynb\" echo=true >}}\n\n\n\n\n\n\n# pratice4\n\n\n\n{{< embed \"practice/pratice4.ipynb\" echo=true >}}\n\n",
    "supporting": [
      "practice_files"
    ],
    "filters": [],
    "includes": {}
  }
}