{"title":"Workflow Basics","markdown":{"headingText":"Workflow Basics","containsRefs":false,"markdown":"\n(workflow-basics)=\n\nThis chapter will take you through some of the essential parts of a Python workflow.\n\n## Prerequisites\n\nYou'll need an installation of Python and Visual Studio Code with the Python extensions to get to grips with this chapter. If you haven't installed those yet, head back to {ref}`code-preliminaries` and follow the instructions there.\n\n## Working with Python scripts and the interactive window\n\nAs a reminder, the figure below shows the typical layout of Visual Studio Code.\n\n![A typical user view in Visual Studio Code](https://github.com/aeturrell/coding-for-economists/blob/main/img/vscode_layout.png?raw=true)\n\nWhen you create a new script (File->New File->Save as 'your_script_name.py), it will appear in the part of the screen labelled as 3.\n\nTo run a script, select the code you want to run, right click, and select \"Run Selection/Line in Interactive Window\". You can also hit shift + enter if you set this shortcut up; if you haven't it's well worth doing and you can find the instructions in {ref}`code-preliminaries`.\n\nUsing the \"Run Selection/Line in Interactive Window\" option or using the shortcut will cause panel 5 in the above diagram (the interactive window) to appear, where you will see the code run and the outputs of your script appear.\n\n```{tip}\nIf you have an issue getting the code to run in the interactive window, first check the instructions in {ref}`code-preliminaries`. If you're still having issues, it may be that Visual Studio Code isn't sure which Python to run, or where Python is on your system. To fix the latter problem, hit the \"Select kernel\" button in the top right-hand side of the interactive window.\n```\n\nWhen you are first writing a script, it's useful to be able to move back and forth between the script and the interactive window. You might execute a line of code (put the cursor on the relevant line and hit shift and enter) in the interactive window, then manually write out some code in the interactive window's execution box (seen at the bottom of panel 5 saying \"Type code here...\"), and then explore some of the variables you've created with the variable explorer (using the button \"Variables\") at the top of the interactive window.\n\nBut, once you've honed the code in your script, it's good to make the script a complete analytical process that you are happy running end-to-end and that—for production or 'final' work—you would use the \"Run Current File in Interactive Window\" option to run all the way through. This is good practice because *what is in your script is reproducible* but what you've entered manually in the interactive window is not. And you want the outputs from your code to be reproducible and understandable by others (including future you!), but this is hard if there are undocumented extra lines of code that you only did on the fly via the interactive window's execution box.\n\n## Using installed packages and modules\n\nWe already saw how to install packages in {ref}`code-preliminaries`. If you forgot, look back at how to do this now. In short, packages are installed using the command line or, on Windows, the Anaconda prompt. With either of these open, type `conda install packagename` and hit enter to both search for and install the package you need.\n\nWhat about using a package that you've installed? That's what we'll look at now.\n\nLet's see an example of using the powerful numerical library **numpy**. There are different ways to import packages to use within a script or notebook; you can import the entire package in one go or just import the functions you need (if you know their names). When an entire package is imported, you can give it any name you like and the convention for **numpy** is to import it as the shortened 'np'. All of the functions and methods of the package can be accessed by typing `np` followed by `.` and then typing the function name. This convention of importing packages with a given name makes your code easier to read, because you know exactly which package is doing what, and avoids any conflicts when functions from different packages have the same name.\n\nAs well as demonstrating importing the whole package for **numpy**, the example below shows importing just one specific function from **numpy**, `inv`, which does matrix inversion. Note that because `inv` was imported separately it can be used without an `np` prefix.\n\nWe could have imported all of **numpy** and it used it without extension using `from numpy import *` but this is considered bad practice as it fills our 'namespace' with function names that might clash with other packages and it's less easy to read because you don't know which function came from which package (one of Python's mantras is \"explicit is better than implict\"). However, some packages are *designed* to be used like this, so, for example, you will see `from lets_plot import *` in this book.\n\n```{note}\nIf you want to check what packages you have installed in your Python environment, run `conda list` on your computer's command line (aka the *terminal* or *command prompt*).\n```\n\nSometimes you might forget what a function you have imported does! Or at least, you might not be sure what all of the optional arguments are. In Visual Studio Code, you can just hover your cursor over the name of the function and a box will come up that tells you everything you need to know about it. This box is auto-generated by doc-strings; information that is written in text just under a function's definition (`def` statement).\n\nAn alternative way to see what a function does is to use a wonderful package called [**rich**](https://github.com/willmcgugan/rich) that does many things including providing an `inspect()` function. You will need to use `pip` to install rich by running `pip install rich` on the command line. Here's an example of using **rich**'s inpsect method on the `inv()` function we imported above (`methods=True` reports all of the functionality of `inv()`):\n\n```{admonition} Exercise\nWrite a code block that imports the **numpy** function `numpy.linalg.det()` as `det()`. Run `inspect()` on it. Find the determinant of `[[4, 3], [1, 7]]`.\n```\n\n### Modules\n\nSometimes, you will want to call in some code from a different script that *you* wrote (rather than from a package provided by someone else). Imagine you have several scripts with code in, a, b, and c, all of which need to use the same underlying function that you have written. What do you do? (Note that \"script with code in\" is just a text file that has a `.py` extension and contains code.)\n\nA central tenet of good coding is that you *do not repeat yourself*. Therefore, a bad solution to this problem would be to copy and paste the same code into all three of the scripts. A *good* solution is to write the code that's need just once in a separate 'utility' script and have the other scripts import that one function. This also adheres to another important programming principle: that of writing modular code.\n\nThis schematic shows the kind of situation we're talking about:\n\nHow can we give code files a, b, and c access to the functions etc in the \"Utility script\"? We would define a file 'utilities.py' that had the following function in that we would like to use in the other code files:\n\n```python\n# Contents of utilities.py file\ndef really_useful_func(number):\n    return number*10\n```\n\nThen, in 'code_script_a.py', we would write:\n\nAn alternative is to *just* import the function we want, with the name we want:\n\nAnother important example is the case where you want to run 'utilities.py' as a standalone script, but still want to borrow functions from it to run in other scripts. There's a way to do this. Let's change utilities.py to\n\n```python\n# Contents of utilities.py file\ndef really_useful_func(number):\n    return number*10\n\n\ndef default_func():\n    print('Script has run')\n\n\nif __name__ == '__main__':\n    default_func()\n```\n\nWhat this says is that if we call 'utilities.py' from the command line, eg\n\n```bash\npython utilities.py\n```\n\nIt will return `Script has run` because, by executing the script alone, we are asking for anything in the `main` block defined at the end of the file to be run. But we can still import anything from utilities into other scripts as before--and in that case it is not the main script, but an import, and so the `main` block will *not* be executed by default.\n\nYou can important several functions at once from a module (aka another script file) like this:\n\n```python\nfrom utilities import really_useful_func, default_func\n```\n\n```{admonition} Exercise\nWrite your own `utilities.py` that has a `super_useful_func` that accepts a number and returns the number divided by 10. In another script, `main.py`, try a) importing all of utilities and running `super_useful_func` on a number and, b), importing just `super_useful_func` from utilities and running it on a number.\n```\n\n## Reading and writing files\n\nAlthough most applications in economics will use the **pandas** package to read and write tabular data, it's sometimes useful to know how to read and write arbitrary files using the built-in Python libraries too. To open a file\n\n```python\nopen('filename', mode)\n```\n\nwhere `mode` could be `r` for read, `a` for append, `w` for write, and `x` to create a file. Create a file called `text_example.txt` and write a single line in it, 'hello world'. To open the file and print the text, use:\n\n```python\nwith open('text_example.txt') as f:\n    text_in = f.read()\n\nprint(text_in)\n```\n\n```python\n'hello world!\\n'\n```\n\n`\\n` is the new line character. Now let's try adding a line to the file:\n\n```python\nwith open('text_example.txt', 'a') as f:\n    f.write('this is another line\\n')\n```\n\nWriting and reading files using the `with` command is a quick and convenient shorthand for the less concise open, action, close pattern. For example, the above example can also be written as:\n\n```python\nf = open('text_example.txt', 'a')\nf.write('this is another line\\n')\nf.close()\n```\n\nAlthough this short example shows opening and writing a text file, this approach can be used to edit a wide range of file extensions including .json, .xml, .csv, .tsv, and many more, including binary files in addition to plain text files.\n","srcMarkdownNoYaml":""},"formats":{"html":{"identifier":{"display-name":"HTML","target-format":"html","base-format":"html"},"execute":{"fig-width":7,"fig-height":5,"fig-format":"retina","fig-dpi":96,"df-print":"default","error":false,"eval":false,"cache":false,"freeze":true,"echo":true,"output":true,"warning":false,"include":true,"keep-md":false,"keep-ipynb":false,"ipynb":null,"enabled":false,"daemon":null,"daemon-restart":false,"debug":false,"ipynb-filters":[],"ipynb-shell-interactivity":null,"plotly-connected":true,"engine":"jupyter"},"render":{"keep-tex":false,"keep-typ":false,"keep-source":false,"keep-hidden":false,"prefer-html":false,"output-divs":true,"output-ext":"html","fig-align":"default","fig-pos":null,"fig-env":null,"code-fold":"none","code-overflow":"scroll","code-link":false,"code-line-numbers":false,"code-tools":false,"tbl-colwidths":"auto","merge-includes":true,"inline-includes":false,"preserve-yaml":false,"latex-auto-mk":true,"latex-auto-install":true,"latex-clean":true,"latex-min-runs":1,"latex-max-runs":10,"latex-makeindex":"makeindex","latex-makeindex-opts":[],"latex-tlmgr-opts":[],"latex-input-paths":[],"latex-output-dir":null,"link-external-icon":false,"link-external-newwindow":false,"self-contained-math":false,"format-resources":[],"notebook-links":true},"pandoc":{"standalone":true,"wrap":"none","default-image-extension":"png","to":"html","css":["../styles/index.css"],"toc":false,"output-file":"workflow-basics(1).html"},"language":{"toc-title-document":"Table of contents","toc-title-website":"On this page","related-formats-title":"Other Formats","related-notebooks-title":"Notebooks","source-notebooks-prefix":"Source","other-links-title":"Other Links","code-links-title":"Code Links","launch-dev-container-title":"Launch Dev Container","launch-binder-title":"Launch Binder","article-notebook-label":"Article Notebook","notebook-preview-download":"Download Notebook","notebook-preview-download-src":"Download Source","notebook-preview-back":"Back to Article","manuscript-meca-bundle":"MECA Bundle","section-title-abstract":"Abstract","section-title-appendices":"Appendices","section-title-footnotes":"Footnotes","section-title-references":"References","section-title-reuse":"Reuse","section-title-copyright":"Copyright","section-title-citation":"Citation","appendix-attribution-cite-as":"For attribution, please cite this work as:","appendix-attribution-bibtex":"BibTeX citation:","appendix-view-license":"View License","title-block-author-single":"Author","title-block-author-plural":"Authors","title-block-affiliation-single":"Affiliation","title-block-affiliation-plural":"Affiliations","title-block-published":"Published","title-block-modified":"Modified","title-block-keywords":"Keywords","callout-tip-title":"Tip","callout-note-title":"Note","callout-warning-title":"Warning","callout-important-title":"Important","callout-caution-title":"Caution","code-summary":"Code","code-tools-menu-caption":"Code","code-tools-show-all-code":"Show All Code","code-tools-hide-all-code":"Hide All Code","code-tools-view-source":"View Source","code-tools-source-code":"Source Code","tools-share":"Share","tools-download":"Download","code-line":"Line","code-lines":"Lines","copy-button-tooltip":"Copy to Clipboard","copy-button-tooltip-success":"Copied!","repo-action-links-edit":"Edit this page","repo-action-links-source":"View source","repo-action-links-issue":"Report an issue","back-to-top":"Back to top","search-no-results-text":"No results","search-matching-documents-text":"matching documents","search-copy-link-title":"Copy link to search","search-hide-matches-text":"Hide additional matches","search-more-match-text":"more match in this document","search-more-matches-text":"more matches in this document","search-clear-button-title":"Clear","search-text-placeholder":"","search-detached-cancel-button-title":"Cancel","search-submit-button-title":"Submit","search-label":"Search","toggle-section":"Toggle section","toggle-sidebar":"Toggle sidebar navigation","toggle-dark-mode":"Toggle dark mode","toggle-reader-mode":"Toggle reader mode","toggle-navigation":"Toggle navigation","crossref-fig-title":"Figure","crossref-tbl-title":"Table","crossref-lst-title":"Listing","crossref-thm-title":"Theorem","crossref-lem-title":"Lemma","crossref-cor-title":"Corollary","crossref-prp-title":"Proposition","crossref-cnj-title":"Conjecture","crossref-def-title":"Definition","crossref-exm-title":"Example","crossref-exr-title":"Exercise","crossref-ch-prefix":"Chapter","crossref-apx-prefix":"Appendix","crossref-sec-prefix":"Section","crossref-eq-prefix":"Equation","crossref-lof-title":"List of Figures","crossref-lot-title":"List of Tables","crossref-lol-title":"List of Listings","environment-proof-title":"Proof","environment-remark-title":"Remark","environment-solution-title":"Solution","listing-page-order-by":"Order By","listing-page-order-by-default":"Default","listing-page-order-by-date-asc":"Oldest","listing-page-order-by-date-desc":"Newest","listing-page-order-by-number-desc":"High to Low","listing-page-order-by-number-asc":"Low to High","listing-page-field-date":"Date","listing-page-field-title":"Title","listing-page-field-description":"Description","listing-page-field-author":"Author","listing-page-field-filename":"File Name","listing-page-field-filemodified":"Modified","listing-page-field-subtitle":"Subtitle","listing-page-field-readingtime":"Reading Time","listing-page-field-wordcount":"Word Count","listing-page-field-categories":"Categories","listing-page-minutes-compact":"{0} min","listing-page-category-all":"All","listing-page-no-matches":"No matching items","listing-page-words":"{0} words","listing-page-filter":"Filter","draft":"Draft"},"metadata":{"lang":"en","fig-responsive":true,"quarto-version":"1.6.40","theme":{"light":["cosmo","../styles/custom.scss"]}},"extensions":{"book":{"multiFile":true}}}},"projectFormats":["html"]}