{"title":"演练1.1","markdown":{"yaml":{"title":"演练1.1"},"headingText":"演练1.2","containsRefs":false,"markdown":"\n\n\n\n\n\n\n温度异常是指相对于某个参考时期的平均温度的偏离情况。它是一种衡量当前温度与长期平均温度差值的方式，重点在于体现温度的变化情况，而不是实际的温度数值。温度异常有助于突出长期的温度变化趋势。对于研究气候变化这样的长期过程，关注温度相对于历史平均值的变化更有意义。它可以过滤掉一些短期的、局部的温度波动，让研究人员更准确地把握地球气候系统是在变暖还是变冷这样的宏观趋势。\n\n\n绘制温度和时间折线图\n\n问题 2 至 4 (a)中的图表对温度和时间之间的关系可以发现，在1880年到1930年之间，每年一月份的气温相比于1951-1980年平均气温要低，后续的关系呈正相关关系，即随着时间的增长气温也随之增长。\n\n## 演练1.3\n制作年气温异常的折线图\n\n从上图的气温可以看出气温随着年份的增长而增长，尤其是近年来呈指数型增长，因此政府需要关注气候变化。\n\n## 演练1.4\n创建直方图和频率表\n\n## 演练1.5\n\n根据上述的表格信息和结果输出，我们在这段时间内更频繁地经历更热的天气。\n\n## 演练1.6\n\n## 演练1.7\n\n## 演练1.8\n\n从上述图标可以看出，年份与CO_2的关系呈正相关关系，同时业余气温变化呈正相关关系，而且从它们的变化曲线可以看出均呈指数型增长，因此气温变化异常与二氧化碳有关系。\n","srcMarkdownNoYaml":"\n\n\n\n\n\n\n温度异常是指相对于某个参考时期的平均温度的偏离情况。它是一种衡量当前温度与长期平均温度差值的方式，重点在于体现温度的变化情况，而不是实际的温度数值。温度异常有助于突出长期的温度变化趋势。对于研究气候变化这样的长期过程，关注温度相对于历史平均值的变化更有意义。它可以过滤掉一些短期的、局部的温度波动，让研究人员更准确地把握地球气候系统是在变暖还是变冷这样的宏观趋势。\n\n## 演练1.2\n\n绘制温度和时间折线图\n\n问题 2 至 4 (a)中的图表对温度和时间之间的关系可以发现，在1880年到1930年之间，每年一月份的气温相比于1951-1980年平均气温要低，后续的关系呈正相关关系，即随着时间的增长气温也随之增长。\n\n## 演练1.3\n制作年气温异常的折线图\n\n从上图的气温可以看出气温随着年份的增长而增长，尤其是近年来呈指数型增长，因此政府需要关注气候变化。\n\n## 演练1.4\n创建直方图和频率表\n\n## 演练1.5\n\n根据上述的表格信息和结果输出，我们在这段时间内更频繁地经历更热的天气。\n\n## 演练1.6\n\n## 演练1.7\n\n## 演练1.8\n\n从上述图标可以看出，年份与CO_2的关系呈正相关关系，同时业余气温变化呈正相关关系，而且从它们的变化曲线可以看出均呈指数型增长，因此气温变化异常与二氧化碳有关系。\n"},"formats":{"html":{"identifier":{"display-name":"HTML","target-format":"html","base-format":"html"},"execute":{"fig-width":7,"fig-height":5,"fig-format":"retina","fig-dpi":96,"df-print":"default","error":false,"eval":false,"cache":false,"freeze":true,"echo":true,"output":true,"warning":false,"include":true,"keep-md":false,"keep-ipynb":false,"ipynb":null,"enabled":false,"daemon":null,"daemon-restart":false,"debug":false,"ipynb-filters":[],"ipynb-shell-interactivity":null,"plotly-connected":true,"engine":"jupyter"},"render":{"keep-tex":false,"keep-typ":false,"keep-source":false,"keep-hidden":false,"prefer-html":false,"output-divs":true,"output-ext":"html","fig-align":"default","fig-pos":null,"fig-env":null,"code-fold":"none","code-overflow":"scroll","code-link":false,"code-line-numbers":false,"code-tools":false,"tbl-colwidths":"auto","merge-includes":true,"inline-includes":false,"preserve-yaml":false,"latex-auto-mk":true,"latex-auto-install":true,"latex-clean":true,"latex-min-runs":1,"latex-max-runs":10,"latex-makeindex":"makeindex","latex-makeindex-opts":[],"latex-tlmgr-opts":[],"latex-input-paths":[],"latex-output-dir":null,"link-external-icon":false,"link-external-newwindow":false,"self-contained-math":false,"format-resources":[],"notebook-links":true},"pandoc":{"standalone":true,"wrap":"none","default-image-extension":"png","to":"html","css":["../styles/index.css"],"toc":false,"output-file":"practice1.html"},"language":{"toc-title-document":"Table of contents","toc-title-website":"On this page","related-formats-title":"Other Formats","related-notebooks-title":"Notebooks","source-notebooks-prefix":"Source","other-links-title":"Other Links","code-links-title":"Code Links","launch-dev-container-title":"Launch Dev Container","launch-binder-title":"Launch Binder","article-notebook-label":"Article Notebook","notebook-preview-download":"Download Notebook","notebook-preview-download-src":"Download Source","notebook-preview-back":"Back to Article","manuscript-meca-bundle":"MECA Bundle","section-title-abstract":"Abstract","section-title-appendices":"Appendices","section-title-footnotes":"Footnotes","section-title-references":"References","section-title-reuse":"Reuse","section-title-copyright":"Copyright","section-title-citation":"Citation","appendix-attribution-cite-as":"For attribution, please cite this work as:","appendix-attribution-bibtex":"BibTeX citation:","appendix-view-license":"View License","title-block-author-single":"Author","title-block-author-plural":"Authors","title-block-affiliation-single":"Affiliation","title-block-affiliation-plural":"Affiliations","title-block-published":"Published","title-block-modified":"Modified","title-block-keywords":"Keywords","callout-tip-title":"Tip","callout-note-title":"Note","callout-warning-title":"Warning","callout-important-title":"Important","callout-caution-title":"Caution","code-summary":"Code","code-tools-menu-caption":"Code","code-tools-show-all-code":"Show All Code","code-tools-hide-all-code":"Hide All Code","code-tools-view-source":"View Source","code-tools-source-code":"Source Code","tools-share":"Share","tools-download":"Download","code-line":"Line","code-lines":"Lines","copy-button-tooltip":"Copy to Clipboard","copy-button-tooltip-success":"Copied!","repo-action-links-edit":"Edit this page","repo-action-links-source":"View source","repo-action-links-issue":"Report an issue","back-to-top":"Back to top","search-no-results-text":"No results","search-matching-documents-text":"matching documents","search-copy-link-title":"Copy link to search","search-hide-matches-text":"Hide additional matches","search-more-match-text":"more match in this document","search-more-matches-text":"more matches in this document","search-clear-button-title":"Clear","search-text-placeholder":"","search-detached-cancel-button-title":"Cancel","search-submit-button-title":"Submit","search-label":"Search","toggle-section":"Toggle section","toggle-sidebar":"Toggle sidebar navigation","toggle-dark-mode":"Toggle dark mode","toggle-reader-mode":"Toggle reader mode","toggle-navigation":"Toggle navigation","crossref-fig-title":"Figure","crossref-tbl-title":"Table","crossref-lst-title":"Listing","crossref-thm-title":"Theorem","crossref-lem-title":"Lemma","crossref-cor-title":"Corollary","crossref-prp-title":"Proposition","crossref-cnj-title":"Conjecture","crossref-def-title":"Definition","crossref-exm-title":"Example","crossref-exr-title":"Exercise","crossref-ch-prefix":"Chapter","crossref-apx-prefix":"Appendix","crossref-sec-prefix":"Section","crossref-eq-prefix":"Equation","crossref-lof-title":"List of Figures","crossref-lot-title":"List of Tables","crossref-lol-title":"List of Listings","environment-proof-title":"Proof","environment-remark-title":"Remark","environment-solution-title":"Solution","listing-page-order-by":"Order By","listing-page-order-by-default":"Default","listing-page-order-by-date-asc":"Oldest","listing-page-order-by-date-desc":"Newest","listing-page-order-by-number-desc":"High to Low","listing-page-order-by-number-asc":"Low to High","listing-page-field-date":"Date","listing-page-field-title":"Title","listing-page-field-description":"Description","listing-page-field-author":"Author","listing-page-field-filename":"File Name","listing-page-field-filemodified":"Modified","listing-page-field-subtitle":"Subtitle","listing-page-field-readingtime":"Reading Time","listing-page-field-wordcount":"Word Count","listing-page-field-categories":"Categories","listing-page-minutes-compact":"{0} min","listing-page-category-all":"All","listing-page-no-matches":"No matching items","listing-page-words":"{0} words","listing-page-filter":"Filter","draft":"Draft"},"metadata":{"lang":"en","fig-responsive":true,"quarto-version":"1.6.40","theme":{"light":["cosmo","../styles/custom.scss"]},"title":"演练1.1"},"extensions":{"book":{"multiFile":true}}}},"projectFormats":["html"]}